species,allele,length,cv,sequence,inequality,ic50,smm
human,HLA A*2301,9,3,AQIDNYNKF,=,3.72402,732.9
human,HLA A*2301,9,2,AYKDNYNKF,=,138.619,11.1
human,HLA A*2301,9,0,EYEPTANLL,=,44.0,8.1
human,HLA A*2301,9,0,AQQFCQYLI,=,85.2753,2022.9
human,HLA A*2301,9,0,AMIDNYNKF,=,7.66903,87.5
human,HLA A*2301,9,2,LYYLFNQHI,=,1.4,488.9
human,HLA A*2301,9,3,IYYFDGNSW,=,6.1,242.6
human,HLA A*2301,9,4,SFFMNRFYI,=,11.0,2538.0
human,HLA A*2301,9,2,FFLKSKFNI,=,49.0,362.5
human,HLA A*2301,9,0,HFFTWGTMF,=,5.7,1326.0
human,HLA A*2301,9,3,SYKVNCINF,=,15.0,38.6
human,HLA A*2301,9,4,AYIDNYNKF,<,1.0,19.7
human,HLA A*2301,9,1,AWIDNYNKF,=,60.0223,73.5
human,HLA A*2301,9,3,AYIDNYNKI,=,8.56415,116.6
human,HLA A*2301,9,4,FQESFYEDI,=,263.367,4082.1
human,HLA A*2301,9,3,AYNDNYNKF,=,19.5651,34.0
human,HLA A*2301,9,1,NYMKIMNHL,=,1.7,29.2
human,HLA A*2301,9,0,KYINFINFI,<,1.0,19.6
human,HLA A*2301,9,0,NYFIHFFTW,=,1.3,74.8
human,HLA A*2301,9,3,ASIDNYNKF,=,168.387,362.6
human,HLA A*2301,9,4,YYNNFNNNY,=,126.0,24.6
human,HLA A*2301,9,4,IFHFFLFLL,=,80.0,452.0
human,HLA A*2301,9,1,AYIDNYNKV,=,185.204,1420.0
human,HLA A*2301,9,2,VYYNILIVL,=,52.0,12.3
human,HLA A*2301,9,4,AYIDNYNKM,=,28.5153,5448.2
human,HLA A*2301,9,2,VFLVFSNVL,=,6.9,108.4
human,HLA A*2301,9,1,AIIDNYNKF,=,205.688,101.2
human,HLA A*2301,9,4,DMCDIYLLY,=,471.76199999999994,4914.5
human,HLA A*2301,9,1,KYEALIKLL,=,484.0,27.3
human,HLA A*2301,9,2,TWKPTIFLL,=,11.0,226.9
human,HLA A*2301,9,4,ATIDNYNKF,=,347.68300000000005,126.0
human,HLA A*2301,9,3,YYNKSTEKL,=,106.0,273.1
human,HLA A*2301,9,3,AYFDNYNKF,=,7.2755600000000005,30.9
human,HLA A*2301,9,4,MFVPKYFEL,=,11.0,9438.2
human,HLA A*2301,9,1,VWINNSWKF,=,1.8483900000000002,281.5
human,HLA A*2301,9,1,VQYRILPMI,=,336.466,504.2
human,HLA A*2301,9,4,SQYLELDTI,=,459.064,3727.9
human,HLA A*2301,9,4,KYNYFIHFF,<,1.0,14.0
human,HLA A*2301,9,0,ACIDNYNKF,=,241.00099999999998,175.4
